{
    "exports": {
        "Shoutmon-DRA": {
            "name": "Shoutmon-DRA",
            "mainElement": "sound",
            "weaponclass": "none",
            "armorclass": "none",
            "weapons": {},
            "armors": {},
            "curweapon": {},
            "curarmor": {},
            "owner": "494699050550165515",
            "level": 1,
            "hp": 33,
            "mp": 32,
            "maxhp": 33,
            "maxmp": 32,
            "basehp": 33,
            "basemp": 32,
            "mpMeter": [
                "Magic Points",
                "MP"
            ],
            "melee": {
                "name": "Devi-Blade",
                "type": "slash",
                "pow": 55,
                "acc": 95,
                "crit": 5
            },
            "stats": {
                "atk": 7,
                "mag": 7,
                "prc": 6,
                "end": 6,
                "chr": 5,
                "int": 5,
                "agl": 4,
                "luk": 5
            },
            "basestats": {
                "baseatk": 7,
                "basemag": 7,
                "baseprc": 6,
                "baseend": 6,
                "basechr": 5,
                "baseint": 5,
                "baseagl": 4,
                "baseluk": 5
            },
            "lb": 0,
            "xp": 0,
            "maxxp": 500,
            "affinities": {
                "superweak": [],
                "weak": [
                    "gravity"
                ],
                "resist": [
                    "fire",
                    "psychic",
                    "sound"
                ],
                "block": [
                    "curse"
                ],
                "repel": [
                    "nuclear"
                ],
                "drain": [
                    "spirit"
                ]
            },
            "skills": [],
            "autolearn": [],
            "quotes": {
                "meleequote": [],
                "physquote": [],
                "magquote": [],
                "allyatkquote": [],
                "lbquote": [],
                "tcquote": [],
                "strongquote": [],
                "badatkquote": [],
                "landedquote": [],
                "missquote": [],
                "superweakquote": [],
                "weakquote": [],
                "hurtquote": [],
                "resistquote": [],
                "blockquote": [],
                "repelquote": [],
                "drainquote": [],
                "dodgequote": [],
                "deathquote": [],
                "killquote": [],
                "pacifyquote": [],
                "allydeathquote": [],
                "healquote": [],
                "helpedquote": [],
                "consolequote": [],
                "imfinequote": [],
                "lvlquote": []
            },
            "bio": {
                "fullname": "",
                "nickname": "",
                "species": "",
                "gender": "other",
                "height": [
                    4,
                    0
                ],
                "weight": 0,
                "age": 10,
                "info": "",
                "backstory": "",
                "likes": "",
                "dislikes": "",
                "fears": "",
                "voice": "",
                "theme": "",
                "custom": {}
            },
            "trust": {}
        }
    }
}