{
    "Crystal The Liepard": {
        "name": "Crystal The Liepard",
        "mainElement": "ice",
        "weaponclass": "none",
        "armorclass": "none",
        "weapons": {},
        "armors": {},
        "curweapon": {},
        "curarmor": {},
        "owner": "547427816468381717",
        "level": 1,
        "hp": 25,
        "mp": 40,
        "maxhp": 25,
        "maxmp": 40,
        "basehp": 25,
        "basemp": 40,
        "mpMeter": [
            "Magic Points",
            "MP"
        ],
        "melee": {
            "name": "Strike Attack",
            "type": "strike",
            "pow": 30,
            "acc": 95,
            "crit": 15
        },
        "stats": {
            "atk": 7,
            "mag": 7,
            "prc": 5,
            "end": 2,
            "chr": 6,
            "int": 10,
            "agl": 6,
            "luk": 7
        },
        "basestats": {
            "baseatk": 7,
            "basemag": 7,
            "baseprc": 5,
            "baseend": 2,
            "basechr": 6,
            "baseint": 10,
            "baseagl": 6,
            "baseluk": 7
        },
        "lb": 0,
        "xp": 0,
        "maxxp": 500,
        "affinities": {
            "superweak": [],
            "weak": [],
            "resist": [],
            "block": [],
            "repel": [],
            "drain": []
        },
        "skills": [],
        "autolearn": [],
        "quotes": {
            "meleequote": [],
            "physquote": [],
            "magquote": [],
            "allyatkquote": [],
            "lbquote": [],
            "tcquote": [],
            "strongquote": [],
            "badatkquote": [],
            "landedquote": [],
            "missquote": [],
            "superweakquote": [],
            "weakquote": [],
            "hurtquote": [],
            "resistquote": [],
            "blockquote": [],
            "repelquote": [],
            "drainquote": [],
            "dodgequote": [],
            "deathquote": [],
            "killquote": [],
            "pacifyquote": [],
            "allydeathquote": [],
            "healquote": [],
            "helpedquote": [],
            "consolequote": [],
            "imfinequote": [],
            "lvlquote": []
        },
        "bio": {
            "fullname": "",
            "nickname": "",
            "species": "",
            "gender": "other",
            "height": [
                4,
                0
            ],
            "weight": 0,
            "age": 10,
            "info": "",
            "backstory": "",
            "likes": "",
            "dislikes": "",
            "fears": "",
            "voice": "",
            "theme": "",
            "custom": {}
        },
        "trust": {}
    }
}