{
    "lmao": {
        "name": "lmao",
        "rarity": "rare",
        "cost": 12,
        "type": "skill",
        "originalAuthor": "441198920668938260",
        "skill": "Lmao"
    },
    "S": {
        "name": "S",
        "rarity": "common",
        "cost": 100,
        "type": "healmp",
        "originalAuthor": "441198920668938260",
        "healmp": 60,
        "recipe": {
            "amount": 1,
            "shapeless": false,
            "recipe": {
                "0": "Sweet",
                "3": "Sweet",
                "8": "Sweet"
            }
        }
    },
    "Sweet": {
        "name": "Sweet",
        "rarity": "sentient",
        "cost": 0,
        "type": "healmp",
        "originalAuthor": "441198920668938260",
        "image": "https://cdn.discordapp.com/emojis/963788061731348510.webp",
        "healmp": 20
    },
    "Sky": {
        "name": "Sky",
        "rarity": "artifact",
        "cost": 10000,
        "type": "healmp",
        "originalAuthor": "441198920668938260",
        "desc": "Sky we love your energy",
        "healmp": 99999
    },
    "Test-boi": {
        "name": "Test-boi",
        "rarity": "common",
        "cost": 99999,
        "type": "heal",
        "originalAuthor": "621307633718132746",
        "heal": 1
    },
    "Wood": {
        "name": "Wood",
        "rarity": "common",
        "cost": 20,
        "type": "material",
        "originalAuthor": "516359709779820544",
        "desc": "Just your run of the mill wood used for virtually everything in a crafting aspect."
    },
    "Potion": {
        "name": "Potion",
        "rarity": "common",
        "cost": 100,
        "type": "heal",
        "originalAuthor": "516359709779820544",
        "desc": "A basic potion, formed with common ingredients. Restores the consumer's HP by 50.",
        "heal": 50
    },
    "Leather": {
        "name": "Leather",
        "rarity": "common",
        "cost": 25,
        "type": "material",
        "originalAuthor": "532291526634635285",
        "desc": "Some animal based leather, used for armor related crafting."
    },
    "MP Potion": {
        "name": "MP Potion",
        "rarity": "common",
        "cost": 100,
        "type": "healmp",
        "originalAuthor": "516359709779820544",
        "desc": "A basic potion, formed with common ingredients. Restores the consumer's MP by 50.",
        "healmp": 50
    },
    "Bottle of Water": {
        "name": "Bottle of Water",
        "rarity": "common",
        "cost": 50,
        "type": "healhpmp",
        "originalAuthor": "516359709779820544",
        "desc": "A refreshing, ice cold bottle of water! Nothing better to calm you down after a long day... Unfortunately, it doesn't have much of a purpose in battle, restoring 5HP and 5MP.",
        "healhpmp": 5
    },
    "Splen Berry": {
        "name": "Splen Berry",
        "rarity": "common",
        "cost": 45,
        "type": "heal",
        "originalAuthor": "532291526634635285",
        "desc": "A typical berry you find all throughout Yaretza, yet it does many wonders on its own to heal 75 hp.",
        "heal": 75
    },
    "Corsela Berry": {
        "name": "Corsela Berry",
        "rarity": "common",
        "cost": 50,
        "type": "healmp",
        "originalAuthor": "516359709779820544",
        "desc": "Common berry often growing on the trees of Yaretza. Used in many potions! Restores 20MP to the consumer.",
        "healmp": 20
    },
    "Golsa Berry": {
        "name": "Golsa Berry",
        "rarity": "common",
        "cost": 80,
        "type": "healhpmp",
        "originalAuthor": "532291526634635285",
        "desc": "A common yet also hidden berry amongst the trees that heals your wounds and rejuvenates your magic. Restores HP and MP by 35.",
        "healhpmp": 35
    }
}