{
    "Violet": {
        "name": "Violet",
        "mainElement": "curse",
        "weaponclass": "none",
        "armorclass": "none",
        "weapons": {},
        "armors": {},
        "curweapon": {},
        "curarmor": {},
        "owner": "621307633718132746",
        "level": 99,
        "hp": 628,
        "mp": 662,
        "maxhp": 628,
        "maxmp": 662,
        "basehp": 40,
        "basemp": 25,
        "mpMeter": [
            "Magic Points",
            "MP"
        ],
        "melee": {
            "name": "Strike Attack",
            "type": "strike",
            "pow": 30,
            "acc": 95,
            "crit": 15
        },
        "stats": {
            "atk": 53,
            "mag": 99,
            "prc": 35,
            "end": 53,
            "chr": 99,
            "int": 99,
            "agl": 36,
            "luk": 56
        },
        "basestats": {
            "baseatk": 4,
            "basemag": 9,
            "baseprc": 2,
            "baseend": 4,
            "basechr": 8,
            "baseint": 8,
            "baseagl": 3,
            "baseluk": 7
        },
        "lb": 0,
        "xp": 615066352,
        "maxxp": 615066353,
        "affinities": {
            "superweak": [],
            "weak": [],
            "resist": [],
            "block": [],
            "repel": [],
            "drain": []
        },
        "skills": [
            "FireRay",
            "FireSpam",
            "Agidyne",
            "Trisagion"
        ],
        "autolearn": [],
        "quotes": {
            "meleequote": [],
            "physquote": [],
            "magquote": [],
            "allyatkquote": [],
            "lbquote": [],
            "tcquote": [],
            "strongquote": [],
            "badatkquote": [],
            "landedquote": [],
            "missquote": [],
            "superweakquote": [],
            "weakquote": [],
            "hurtquote": [],
            "resistquote": [],
            "blockquote": [],
            "repelquote": [],
            "drainquote": [],
            "dodgequote": [],
            "deathquote": [],
            "killquote": [],
            "pacifyquote": [],
            "allydeathquote": [],
            "healquote": [],
            "helpedquote": [],
            "consolequote": [],
            "imfinequote": [],
            "lvlquote": []
        },
        "bio": {
            "fullname": "",
            "nickname": "",
            "species": "",
            "gender": "other",
            "height": [
                4,
                0
            ],
            "weight": 0,
            "age": 10,
            "info": "",
            "backstory": "",
            "likes": "",
            "dislikes": "",
            "fears": "",
            "voice": "",
            "theme": "",
            "custom": {}
        },
        "trust": {}
    }
}