{
    "1": {
        "name": "1",
        "currency": 0,
        "members": [
            "Lanagu"
        ],
        "backup": [],
        "items": {},
        "weapons": {},
        "armors": {},
        "negotiates": {},
        "negotiateAllies": {}
    },
    "2": {
        "name": "2",
        "currency": 0,
        "members": [
            "Alia"
        ],
        "backup": [],
        "items": {},
        "weapons": {},
        "armors": {},
        "negotiates": {},
        "negotiateAllies": {}
    },
    "Alia": {
        "name": "Alia",
        "currency": 0,
        "members": [
            "Alia"
        ],
        "backup": [],
        "items": {},
        "negotiates": {},
        "negotiateAllies": {},
        "discoveries": {}
    }
}